,silhouette,davies_bouldin,calinski,clusters,noise_points
KMeans,0.31510875587809567,1.0749142595516938,4805.724092015814,3.0,
DBSCAN,0.5118120642197709,N/A,N/A,3,34
Agglomerative,0.27697452229033037,1.1860753519453813,4272.604219792488,3.0,
